{
  "feature_means": {
    "lgm": -30.998764967353704,
    "lgpr": 0.25646736068513937,
    "hl": 8.26860627045564e-05,
    "co": -1.1475116330922525e-06,
    "vwap_d": -1.0323931791585173e-06,
    "ivol": 2.6716536831997553e-05,
    "ofi": 0.07466175128290492,
    "br": 0.5373308070609314,
    "ofi_m3": 0.07467113430520779,
    "ofi_a3": -9.3830223028686e-06,
    "ofi_m5": 0.07466210650173687,
    "ofi_a5": -3.552188319544628e-07,
    "ofi_m10": 0.07469179795704706,
    "ofi_a10": -3.0046674142133796e-05,
    "cum_ofi": 2.239909057214142,
    "tc_r": 2.1176192550862654,
    "rtc": 1.0048910218574205,
    "rats": 0.9981383484387041,
    "whale": 1.0009474683170252,
    "v3": 9.106866817282523e-05,
    "v10": 0.0001111283641029707,
    "vratio": 0.7820478431814997,
    "roc3": -1.8793093298463293e-06,
    "roc5": -3.1340515835983974e-06,
    "roc10": -6.282500023591967e-06,
    "rsi": 49.11604290605436,
    "ema_x": -3.217541817139082e-06,
    "pup": 0.2522570442934639,
    "psp_u": 0.0477445640339934,
    "psp_d": 0.0477445640339934,
    "pm3": 0.2001616118586176,
    "pm5": 0.191550310474686,
    "pd1": 2.6333807341867264e-07,
    "pvr": 0.4141781203653274,
    "pdiv": 0.16690659227746127,
    "lgdir": -0.5089271606888924,
    "lgchg": 0.0016813123149037022,
    "hour_sin": -0.43405013891783123,
    "hour_cos": -0.5570370954784315,
    "cross_tf": -5.889673681662651e-09,
    "rl1": -6.278202915605302e-07,
    "ol1": 0.07464987958351045,
    "rl2": -6.260395214812242e-07,
    "ol2": 0.0747017720492065,
    "rl3": -6.26039617088144e-07,
    "ol3": 0.07467054042061226,
    "rl4": -6.311742732944979e-07,
    "ol4": 0.07462658917245117,
    "rl5": -6.31170358157386e-07,
    "ol5": 0.07467589423576942,
    "pl1": 0.25225678095539056,
    "pl2": 0.2522565176173171,
    "pl3": 0.2522562542792437
  },
  "feature_stds": {
    "lgm": 70.28467058872498,
    "lgpr": 0.2683947388085503,
    "hl": 0.00012489617171927963,
    "co": 0.00013154219184238416,
    "vwap_d": 8.218613536689097e-05,
    "ivol": 3.748245785747485e-05,
    "ofi": 0.7433003236170713,
    "br": 0.3716501555024038,
    "ofi_m3": 0.44446287626524195,
    "ofi_a3": 0.5988909062294089,
    "ofi_m5": 0.34860010249982837,
    "ofi_a5": 0.6609984110280898,
    "ofi_m10": 0.25216369013002105,
    "ofi_a10": 0.7009154238076527,
    "cum_ofi": 4.770601410894922,
    "tc_r": 8.334768428344008,
    "rtc": 0.8955977346963241,
    "rats": 1.173211492174863,
    "whale": 1.4236943466496779,
    "v3": 9.724821313541916e-05,
    "v10": 7.730249117162498e-05,
    "vratio": 0.5860530698976353,
    "roc3": 0.00024680616524237406,
    "roc5": 0.00032101844174969044,
    "roc10": 0.0004591677337643434,
    "rsi": 31.62520662997216,
    "ema_x": 0.00016245996575303153,
    "pup": 0.33411277943170076,
    "psp_u": 0.046420396976286644,
    "psp_d": 0.046420396976286644,
    "pm3": 6.3394457266517525,
    "pm5": 5.811808000613218,
    "pd1": 0.07617067214699334,
    "pvr": 0.18853774188136588,
    "pdiv": 4.563880419427534,
    "lgdir": 0.7540386908945258,
    "lgchg": 23.66878789813718,
    "hour_sin": 0.5432134834473006,
    "hour_cos": 0.4541392565282208,
    "cross_tf": 0.00017816177429682732,
    "rl1": 0.00013638978827919804,
    "ol1": 0.7432891441337056,
    "rl2": 0.00013638935499377843,
    "ol2": 0.7432829029626609,
    "rl3": 0.00013638935499323408,
    "ol3": 0.7433009538171691,
    "rl4": 0.00013638566650306087,
    "ol4": 0.7433078084166392,
    "rl5": 0.00013638566652331402,
    "ol5": 0.7433070915376757,
    "pl1": 0.3341129743175559,
    "pl2": 0.3341131692030897,
    "pl3": 0.33411336408830233
  },
  "scale_pos_weight": 1.910434687397141,
  "n_features": 53,
  "n_train_rows": 26581,
  "trained_at": "2026-02-12 17:23:25"
}